{"BTC-USDT-SWAP": {"leverage": "10", "entry_price": 100515.52, "trail_profit": 999999, "tp_price": 90463.96800000001, "sl_price": 110567.07200000001, "attach_oid": "1733998351"}}